scenario,pathway,material_code,flow_per_hr,flow_unit,mass_flow_kg_hr,is_feedstock,is_product,is_byproduct,product_rate_kg_per_hr,quantity_per_kg_graphite,quantity_per_kg_graphite_unit
s_c1,BC1,Fe,43736.062080749056,kg,43736.062080749056,False,False,False,16814.74768828936,2.6010537232865563,kg/kg graphite
s_c1,BC1,HCl,15120.00074778352,kg,15120.00074778352,False,False,False,16814.74768828936,0.8992106826743438,kg/kg graphite
s_c1,BC1,N2,416.66668727357677,kg,416.66668727357677,False,False,False,16814.74768828936,0.024779835832075225,kg/kg graphite
s_c1,BC1,NaOH,3960.0001958480652,kg,3960.0001958480652,False,False,False,16814.74768828936,0.23550755974804244,kg/kg graphite
s_c1,BC1,biochar,21868.031040374528,kg,21868.031040374528,False,False,False,16814.74768828936,1.3005268616432781,kg/kg graphite
s_c1,BC1,diesel,408.65050969194067,kg,408.65050969194067,False,False,False,16814.74768828936,0.024303100900916016,kg/kg graphite
s_c1,BC1,electricity,93640.33535335536,kWh,93640.33535335536,False,False,False,16814.74768828936,5.568940854139085,kWh/kg graphite
s_c1,BC1,feedstock,83333.33745471537,kg,83333.33745471537,True,False,False,16814.74768828936,4.9559671664150455,kg/kg graphite
s_c1,BC1,graphite,16814.74768828936,kg,16814.74768828936,False,True,False,16814.74768828936,1.0,kg/kg graphite
s_c1,BC1,natural gas,2685.3478851741347,m3,2685.3478851741347,False,False,False,16814.74768828936,0.15970194349358846,m3/kg graphite
s_c1,BC1,solid disposal,1364.207560047994,kg,1364.207560047994,False,False,False,16814.74768828936,0.08113161049678415,kg/kg graphite
s_c1,BC1,water,25.956001283695045,m3,25.956001283695045,False,False,False,16814.74768828936,0.0015436450052576237,m3/kg graphite
s_c1,BC1,wwt,12086.403595907592,kg,12086.403595907592,False,False,False,16814.74768828936,0.7187977970270213,kg/kg graphite
s_c2,BC2,Fe,43736.062080749056,kg,43736.062080749056,False,False,False,16814.74768828936,2.6010537232865563,kg/kg graphite
s_c2,BC2,H2S,0.833333374547152,kg,0.833333374547152,False,False,False,16814.74768828936,4.9559671664150355e-05,kg/kg graphite
s_c2,BC2,HCl,15120.00074778352,kg,15120.00074778352,False,False,False,16814.74768828936,0.8992106826743438,kg/kg graphite
s_c2,BC2,N2,416.6666872735768,kg,416.6666872735768,False,False,False,16814.74768828936,0.024779835832075228,kg/kg graphite
s_c2,BC2,NaOH,3960.0001958480652,kg,3960.0001958480652,False,False,False,16814.74768828936,0.23550755974804244,kg/kg graphite
s_c2,BC2,Ni/Al2O3 catalyst,0.25217110195861203,kg,0.25217110195861203,False,False,False,16814.74768828936,1.4997019677805616e-05,kg/kg graphite
s_c2,BC2,NiMo/Al2O3 catalyst,1.3741874400549339,kg,1.3741874400549339,False,False,False,16814.74768828936,8.172512995910056e-05,kg/kg graphite
s_c2,BC2,bioH2,301.92947612863,kg,301.92947612863,False,False,True,16814.74768828936,0.017956229955142823,kg/kg graphite
s_c2,BC2,bioSAF,1780.501798181795,kg,1780.501798181795,False,False,True,16814.74768828936,0.10588929618146019,kg/kg graphite
s_c2,BC2,biochar,21868.031040374528,kg,21868.031040374528,False,False,False,16814.74768828936,1.3005268616432781,kg/kg graphite
s_c2,BC2,biodiesel,469.1061494169214,kg,469.1061494169214,False,False,True,16814.74768828936,0.027898494709119582,kg/kg graphite
s_c2,BC2,biogasoline,3448.0014154616883,kg,3448.0014154616883,False,False,True,16814.74768828936,0.205058171515892,kg/kg graphite
s_c2,BC2,boiler chemical,0.21718618987668242,kg,0.21718618987668242,False,False,False,16814.74768828936,1.29164108735299e-05,kg/kg graphite
s_c2,BC2,cooling chemical,0.12309451930988895,kg,0.12309451930988895,False,False,False,16814.74768828936,7.320628390732154e-06,kg/kg graphite
s_c2,BC2,diesel,408.6505096919407,kg,408.6505096919407,False,False,False,16814.74768828936,0.02430310090091602,kg/kg graphite
s_c2,BC2,electricity,101801.44203134836,kWh,101801.44203134836,False,False,False,16814.74768828936,6.054294950988056,kWh/kg graphite
s_c2,BC2,feedstock,83333.33745471537,kg,83333.33745471537,True,False,False,16814.74768828936,4.9559671664150455,kg/kg graphite
s_c2,BC2,graphite,16814.74768828936,kg,16814.74768828936,False,True,False,16814.74768828936,1.0,kg/kg graphite
s_c2,BC2,natural gas,13321.68402678592,m3,13321.68402678592,False,False,False,16814.74768828936,0.7922619044747138,m3/kg graphite
s_c2,BC2,solid disposal,1364.207560047994,kg,1364.207560047994,False,False,False,16814.74768828936,0.08113161049678415,kg/kg graphite
s_c2,BC2,water,52.17796956342576,m3,52.17796956342576,False,False,False,16814.74768828936,0.0031031074941294027,m3/kg graphite
s_c2,BC2,wwt,6217.1136636432075,kg,6217.1136636432075,False,False,False,16814.74768828936,0.3697417159564707,kg/kg graphite
s_o1,BO1,Fe,24806.250083372986,kg,24806.250083372986,False,False,False,9458.333333333334,2.6226872334843683,kg/kg graphite
s_o1,BO1,HCl,8621.186682247218,kg,8621.186682247218,False,False,False,9458.333333333334,0.9114911029688688,kg/kg graphite
s_o1,BO1,N2,416.6666680670695,kg,416.6666680670695,False,False,False,9458.333333333334,0.04405286358418356,kg/kg graphite
s_o1,BO1,NaOH,2462.7787823759927,kg,2462.7787823759927,False,False,False,9458.333333333334,0.2603818976961402,kg/kg graphite
s_o1,BO1,bioH2,20.83333340335348,kg,20.83333340335348,False,False,False,9458.333333333334,0.002202643179209178,kg/kg graphite
s_o1,BO1,boiler chemical,0.5899705034577977,kg,0.5899705034577977,False,False,False,9458.333333333334,6.237573604840151e-05,kg/kg graphite
s_o1,BO1,coke,12250.000041171845,kg,12250.000041171845,False,False,False,9458.333333333334,1.2951541893749967,kg/kg graphite
s_o1,BO1,cooling chemical,0.49251422047338317,kg,0.49251422047338317,False,False,False,9458.333333333334,5.2071988067670464e-05,kg/kg graphite
s_o1,BO1,diesel,263.46041190329385,kg,263.46041190329385,False,False,False,9458.333333333334,0.02785484531136146,kg/kg graphite
s_o1,BO1,electricity,47064.7967917067,kWh,47064.7967917067,False,False,False,9458.333333333334,4.976013757713483,kWh/kg graphite
s_o1,BO1,feedstock,83333.33361341392,kg,83333.33361341392,True,False,False,9458.333333333334,8.810572716836713,kg/kg graphite
s_o1,BO1,graphite,9458.333333333334,kg,9458.333333333334,False,True,False,9458.333333333334,1.0,kg/kg graphite
s_o1,BO1,hytrtoil,83.33333361341352,kg,83.33333361341352,False,False,False,9458.333333333334,0.00881057271683667,kg/kg graphite
s_o1,BO1,natural gas,6739.588873870551,m3,6739.588873870551,False,False,False,9458.333333333334,0.7125556518629657,m3/kg graphite
s_o1,BO1,sand,90.41666697055409,kg,90.41666697055409,False,False,False,9458.333333333334,0.009559471397767833,kg/kg graphite
s_o1,BO1,solid disposal,477.7763459904354,kg,477.7763459904354,False,False,False,9458.333333333334,0.050513798695024,kg/kg graphite
s_o1,BO1,water,132.25863130696953,m3,132.25863130696953,False,False,False,9458.333333333334,0.01398329141571484,m3/kg graphite
s_o1,BO1,wwt,23264.82349406232,kg,23264.82349406232,False,False,False,9458.333333333334,2.459717021398659,kg/kg graphite
s_o2,BO2,Fe,24806.250083372986,kg,24806.250083372986,False,False,False,9458.333333333334,2.6226872334843683,kg/kg graphite
s_o2,BO2,H2S,0.8333333361341391,kg,0.8333333361341391,False,False,False,9458.333333333334,8.810572716836712e-05,kg/kg graphite
s_o2,BO2,HCl,8621.186682247218,kg,8621.186682247218,False,False,False,9458.333333333334,0.9114911029688688,kg/kg graphite
s_o2,BO2,MgAlO catalyst,0.030000000100829007,kg,0.030000000100829007,False,False,False,9458.333333333334,3.1718061780612164e-06,kg/kg graphite
s_o2,BO2,N2,416.66666806706945,kg,416.66666806706945,False,False,False,9458.333333333334,0.04405286358418355,kg/kg graphite
s_o2,BO2,NaOH,2435.923085887753,kg,2435.923085887753,False,False,False,9458.333333333334,0.257542528904432,kg/kg graphite
s_o2,BO2,Ni/Al2O3 catalyst,0.06250000081145259,kg,0.06250000081145259,False,False,False,9458.333333333334,6.607929601210846e-06,kg/kg graphite
s_o2,BO2,NiMo/Al2O3 catalyst,0.3600000012099481,kg,0.3600000012099481,False,False,False,9458.333333333334,3.8061674136734595e-05,kg/kg graphite
s_o2,BO2,Pt/Al2O3 catalyst,0.030000000100829007,kg,0.030000000100829007,False,False,False,9458.333333333334,3.1718061780612164e-06,kg/kg graphite
s_o2,BO2,ZrO2 catalyst,0.04000000013443867,kg,0.04000000013443867,False,False,False,9458.333333333334,4.229074904081621e-06,kg/kg graphite
s_o2,BO2,bioH2,854.1666923903947,kg,854.1666923903947,False,False,True,9458.333333333334,0.09030837276374216,kg/kg graphite
s_o2,BO2,bioSAF,3527.5000118558105,kg,3527.5000118558105,False,False,True,9458.333333333334,0.372951543103698,kg/kg graphite
s_o2,BO2,biodiesel,2762.5000092846713,kg,2762.5000092846713,False,False,True,9458.333333333334,0.29207048556313703,kg/kg graphite
s_o2,BO2,biogasoline,501.6666683527517,kg,501.6666683527517,False,False,True,9458.333333333334,0.053039647755357,kg/kg graphite
s_o2,BO2,boiler chemical,0.8333333361341393,kg,0.8333333361341393,False,False,False,9458.333333333334,8.810572716836714e-05,kg/kg graphite
s_o2,BO2,coke,12250.000041171845,kg,12250.000041171845,False,False,False,9458.333333333334,1.2951541893749967,kg/kg graphite
s_o2,BO2,cooling chemical,0.4510414586214598,kg,0.4510414586214598,False,False,False,9458.333333333334,4.7687202673634514e-05,kg/kg graphite
s_o2,BO2,diesel,263.4604119032938,kg,263.4604119032938,False,False,False,9458.333333333334,0.027854845311361457,kg/kg graphite
s_o2,BO2,electricity,46516.93136570581,kWh,46516.93136570581,False,False,False,9458.333333333334,4.918089659810305,kWh/kg graphite
s_o2,BO2,feedstock,83333.3336134139,kg,83333.3336134139,True,False,False,9458.333333333334,8.810572716836711,kg/kg graphite
s_o2,BO2,graphite,9458.333333333334,kg,9458.333333333334,False,True,False,9458.333333333334,1.0,kg/kg graphite
s_o2,BO2,natural gas,6305.624827135348,m3,6305.624827135348,False,False,False,9458.333333333334,0.6666739905341337,m3/kg graphite
s_o2,BO2,sand,90.41666697055408,kg,90.41666697055408,False,False,False,9458.333333333334,0.00955947139776783,kg/kg graphite
s_o2,BO2,solid disposal,815.863296894699,kg,815.863296894699,False,False,False,9458.333333333334,0.08625867456155407,kg/kg graphite
s_o2,BO2,toluene,2.6500000089065616,kg,2.6500000089065616,False,False,False,9458.333333333334,0.0002801762123954074,kg/kg graphite
s_o2,BO2,water,120.34140094693883,m3,120.34140094693883,False,False,False,9458.333333333334,0.012723319923905426,m3/kg graphite
s_o2,BO2,wwt,44267.63241637344,kg,44267.63241637344,False,False,False,9458.333333333334,4.6802783171496145,kg/kg graphite
