carrier,region,impact_category,factor_value,source_unit,factor_unit,source,reference,notes
diesel,DFO_1,climate change,0.020611495644103,MJ,kg CO2-Eq/MJ,NETL/EPA LCI characterized with IPCC AR6 + TRACI 2.1,See provenance metadata in data/public_factors/,
diesel,DFO_1,acidification,2.4816567481645267e-05,MJ,kg SO2-Eq/MJ,NETL/EPA LCI characterized with IPCC AR6 + TRACI 2.1,See provenance metadata in data/public_factors/,
diesel,DFO_1,eutrophication,1.5477340236337313e-06,MJ,kg N-Eq/MJ,NETL/EPA LCI characterized with IPCC AR6 + TRACI 2.1,See provenance metadata in data/public_factors/,
diesel,DFO_1,ecotoxicity: freshwater,0.005842391481062,MJ,CTUe/MJ,NETL/EPA LCI characterized with IPCC AR6 + TRACI 2.1,See provenance metadata in data/public_factors/,
diesel,DFO_1,particulate matter formation,1.6475776217160718e-06,MJ,PM2.5-Eq/MJ,NETL/EPA LCI characterized with IPCC AR6 + TRACI 2.1,See provenance metadata in data/public_factors/,
diesel,DFO_1,photochemical oxidant formation,0.0006177507441755,MJ,kg O3-Eq/MJ,NETL/EPA LCI characterized with IPCC AR6 + TRACI 2.1,See provenance metadata in data/public_factors/,
diesel,DFO_2,climate change,0.0160944191608982,MJ,kg CO2-Eq/MJ,NETL/EPA LCI characterized with IPCC AR6 + TRACI 2.1,See provenance metadata in data/public_factors/,
diesel,DFO_2,acidification,1.567203572174752e-05,MJ,kg SO2-Eq/MJ,NETL/EPA LCI characterized with IPCC AR6 + TRACI 2.1,See provenance metadata in data/public_factors/,
diesel,DFO_2,eutrophication,1.0386610668638145e-06,MJ,kg N-Eq/MJ,NETL/EPA LCI characterized with IPCC AR6 + TRACI 2.1,See provenance metadata in data/public_factors/,
diesel,DFO_2,ecotoxicity: freshwater,0.0074778239914424,MJ,CTUe/MJ,NETL/EPA LCI characterized with IPCC AR6 + TRACI 2.1,See provenance metadata in data/public_factors/,
diesel,DFO_2,particulate matter formation,1.1497349707631748e-06,MJ,PM2.5-Eq/MJ,NETL/EPA LCI characterized with IPCC AR6 + TRACI 2.1,See provenance metadata in data/public_factors/,
diesel,DFO_2,photochemical oxidant formation,0.0004249117082388,MJ,kg O3-Eq/MJ,NETL/EPA LCI characterized with IPCC AR6 + TRACI 2.1,See provenance metadata in data/public_factors/,
diesel,DFO_3,climate change,0.0178861295283257,MJ,kg CO2-Eq/MJ,NETL/EPA LCI characterized with IPCC AR6 + TRACI 2.1,See provenance metadata in data/public_factors/,
diesel,DFO_3,acidification,2.3586715972418408e-05,MJ,kg SO2-Eq/MJ,NETL/EPA LCI characterized with IPCC AR6 + TRACI 2.1,See provenance metadata in data/public_factors/,
diesel,DFO_3,eutrophication,1.4991895272600266e-06,MJ,kg N-Eq/MJ,NETL/EPA LCI characterized with IPCC AR6 + TRACI 2.1,See provenance metadata in data/public_factors/,
diesel,DFO_3,ecotoxicity: freshwater,0.0064839848874659,MJ,CTUe/MJ,NETL/EPA LCI characterized with IPCC AR6 + TRACI 2.1,See provenance metadata in data/public_factors/,
diesel,DFO_3,particulate matter formation,1.5564628516578408e-06,MJ,PM2.5-Eq/MJ,NETL/EPA LCI characterized with IPCC AR6 + TRACI 2.1,See provenance metadata in data/public_factors/,
diesel,DFO_3,photochemical oxidant formation,0.0005937736517992,MJ,kg O3-Eq/MJ,NETL/EPA LCI characterized with IPCC AR6 + TRACI 2.1,See provenance metadata in data/public_factors/,
diesel,DFO_4,climate change,0.0182706830765373,MJ,kg CO2-Eq/MJ,NETL/EPA LCI characterized with IPCC AR6 + TRACI 2.1,See provenance metadata in data/public_factors/,
diesel,DFO_4,acidification,1.7862842320704857e-05,MJ,kg SO2-Eq/MJ,NETL/EPA LCI characterized with IPCC AR6 + TRACI 2.1,See provenance metadata in data/public_factors/,
diesel,DFO_4,eutrophication,1.0507675876110411e-06,MJ,kg N-Eq/MJ,NETL/EPA LCI characterized with IPCC AR6 + TRACI 2.1,See provenance metadata in data/public_factors/,
diesel,DFO_4,ecotoxicity: freshwater,0.0108378160157027,MJ,CTUe/MJ,NETL/EPA LCI characterized with IPCC AR6 + TRACI 2.1,See provenance metadata in data/public_factors/,
diesel,DFO_4,particulate matter formation,1.4463750575749876e-06,MJ,PM2.5-Eq/MJ,NETL/EPA LCI characterized with IPCC AR6 + TRACI 2.1,See provenance metadata in data/public_factors/,
diesel,DFO_4,photochemical oxidant formation,0.0004402050434154,MJ,kg O3-Eq/MJ,NETL/EPA LCI characterized with IPCC AR6 + TRACI 2.1,See provenance metadata in data/public_factors/,
diesel,DFO_5,climate change,0.0195061733549621,MJ,kg CO2-Eq/MJ,NETL/EPA LCI characterized with IPCC AR6 + TRACI 2.1,See provenance metadata in data/public_factors/,
diesel,DFO_5,acidification,2.16786913810487e-05,MJ,kg SO2-Eq/MJ,NETL/EPA LCI characterized with IPCC AR6 + TRACI 2.1,See provenance metadata in data/public_factors/,
diesel,DFO_5,eutrophication,1.414902227169874e-06,MJ,kg N-Eq/MJ,NETL/EPA LCI characterized with IPCC AR6 + TRACI 2.1,See provenance metadata in data/public_factors/,
diesel,DFO_5,ecotoxicity: freshwater,0.0079719496984554,MJ,CTUe/MJ,NETL/EPA LCI characterized with IPCC AR6 + TRACI 2.1,See provenance metadata in data/public_factors/,
diesel,DFO_5,particulate matter formation,1.4071407037873953e-06,MJ,PM2.5-Eq/MJ,NETL/EPA LCI characterized with IPCC AR6 + TRACI 2.1,See provenance metadata in data/public_factors/,
diesel,DFO_5,photochemical oxidant formation,0.0005946348202377,MJ,kg O3-Eq/MJ,NETL/EPA LCI characterized with IPCC AR6 + TRACI 2.1,See provenance metadata in data/public_factors/,
natural_gas,Anadarko,climate change,0.0175076720018975,MJ,kg CO2-Eq/MJ,NETL/EPA LCI characterized with IPCC AR6 + TRACI 2.1,See provenance metadata in data/public_factors/,
natural_gas,Anadarko,acidification,9.892762904489962e-05,MJ,kg SO2-Eq/MJ,NETL/EPA LCI characterized with IPCC AR6 + TRACI 2.1,See provenance metadata in data/public_factors/,
natural_gas,Anadarko,eutrophication,6.1041038059785855e-06,MJ,kg N-Eq/MJ,NETL/EPA LCI characterized with IPCC AR6 + TRACI 2.1,See provenance metadata in data/public_factors/,
natural_gas,Anadarko,ecotoxicity: freshwater,0.0662923463195465,MJ,CTUe/MJ,NETL/EPA LCI characterized with IPCC AR6 + TRACI 2.1,See provenance metadata in data/public_factors/,
natural_gas,Anadarko,particulate matter formation,2.3750501218844105e-06,MJ,PM2.5-Eq/MJ,NETL/EPA LCI characterized with IPCC AR6 + TRACI 2.1,See provenance metadata in data/public_factors/,
natural_gas,Anadarko,photochemical oxidant formation,0.0033237400260884,MJ,kg O3-Eq/MJ,NETL/EPA LCI characterized with IPCC AR6 + TRACI 2.1,See provenance metadata in data/public_factors/,
natural_gas,Appalachian,climate change,0.0144495835303387,MJ,kg CO2-Eq/MJ,NETL/EPA LCI characterized with IPCC AR6 + TRACI 2.1,See provenance metadata in data/public_factors/,
natural_gas,Appalachian,acidification,8.606058929873673e-05,MJ,kg SO2-Eq/MJ,NETL/EPA LCI characterized with IPCC AR6 + TRACI 2.1,See provenance metadata in data/public_factors/,
natural_gas,Appalachian,eutrophication,6.357408440564546e-06,MJ,kg N-Eq/MJ,NETL/EPA LCI characterized with IPCC AR6 + TRACI 2.1,See provenance metadata in data/public_factors/,
natural_gas,Appalachian,ecotoxicity: freshwater,0.0270356628176455,MJ,CTUe/MJ,NETL/EPA LCI characterized with IPCC AR6 + TRACI 2.1,See provenance metadata in data/public_factors/,
natural_gas,Appalachian,particulate matter formation,1.818397469871221e-06,MJ,PM2.5-Eq/MJ,NETL/EPA LCI characterized with IPCC AR6 + TRACI 2.1,See provenance metadata in data/public_factors/,
natural_gas,Appalachian,photochemical oxidant formation,0.0029439777392324,MJ,kg O3-Eq/MJ,NETL/EPA LCI characterized with IPCC AR6 + TRACI 2.1,See provenance metadata in data/public_factors/,
natural_gas,Arkla,climate change,0.0145361725856911,MJ,kg CO2-Eq/MJ,NETL/EPA LCI characterized with IPCC AR6 + TRACI 2.1,See provenance metadata in data/public_factors/,
natural_gas,Arkla,acidification,8.862821628384045e-05,MJ,kg SO2-Eq/MJ,NETL/EPA LCI characterized with IPCC AR6 + TRACI 2.1,See provenance metadata in data/public_factors/,
natural_gas,Arkla,eutrophication,5.477154418954357e-06,MJ,kg N-Eq/MJ,NETL/EPA LCI characterized with IPCC AR6 + TRACI 2.1,See provenance metadata in data/public_factors/,
natural_gas,Arkla,ecotoxicity: freshwater,0.0382517947879859,MJ,CTUe/MJ,NETL/EPA LCI characterized with IPCC AR6 + TRACI 2.1,See provenance metadata in data/public_factors/,
natural_gas,Arkla,particulate matter formation,1.9480292753332933e-06,MJ,PM2.5-Eq/MJ,NETL/EPA LCI characterized with IPCC AR6 + TRACI 2.1,See provenance metadata in data/public_factors/,
natural_gas,Arkla,photochemical oxidant formation,0.0030093325661286,MJ,kg O3-Eq/MJ,NETL/EPA LCI characterized with IPCC AR6 + TRACI 2.1,See provenance metadata in data/public_factors/,
natural_gas,Arkoma,climate change,0.0183566688781148,MJ,kg CO2-Eq/MJ,NETL/EPA LCI characterized with IPCC AR6 + TRACI 2.1,See provenance metadata in data/public_factors/,
natural_gas,Arkoma,acidification,9.038015333630342e-05,MJ,kg SO2-Eq/MJ,NETL/EPA LCI characterized with IPCC AR6 + TRACI 2.1,See provenance metadata in data/public_factors/,
natural_gas,Arkoma,eutrophication,5.609410022050739e-06,MJ,kg N-Eq/MJ,NETL/EPA LCI characterized with IPCC AR6 + TRACI 2.1,See provenance metadata in data/public_factors/,
natural_gas,Arkoma,ecotoxicity: freshwater,0.0113481012475019,MJ,CTUe/MJ,NETL/EPA LCI characterized with IPCC AR6 + TRACI 2.1,See provenance metadata in data/public_factors/,
natural_gas,Arkoma,particulate matter formation,1.7201639233717697e-06,MJ,PM2.5-Eq/MJ,NETL/EPA LCI characterized with IPCC AR6 + TRACI 2.1,See provenance metadata in data/public_factors/,
natural_gas,Arkoma,photochemical oxidant formation,0.0031515054931732,MJ,kg O3-Eq/MJ,NETL/EPA LCI characterized with IPCC AR6 + TRACI 2.1,See provenance metadata in data/public_factors/,
natural_gas,East Texas,climate change,0.0153879221240509,MJ,kg CO2-Eq/MJ,NETL/EPA LCI characterized with IPCC AR6 + TRACI 2.1,See provenance metadata in data/public_factors/,
natural_gas,East Texas,acidification,8.562058126055626e-05,MJ,kg SO2-Eq/MJ,NETL/EPA LCI characterized with IPCC AR6 + TRACI 2.1,See provenance metadata in data/public_factors/,
natural_gas,East Texas,eutrophication,5.3089449504767134e-06,MJ,kg N-Eq/MJ,NETL/EPA LCI characterized with IPCC AR6 + TRACI 2.1,See provenance metadata in data/public_factors/,
natural_gas,East Texas,ecotoxicity: freshwater,0.0104869416266267,MJ,CTUe/MJ,NETL/EPA LCI characterized with IPCC AR6 + TRACI 2.1,See provenance metadata in data/public_factors/,
natural_gas,East Texas,particulate matter formation,1.6381170766142824e-06,MJ,PM2.5-Eq/MJ,NETL/EPA LCI characterized with IPCC AR6 + TRACI 2.1,See provenance metadata in data/public_factors/,
natural_gas,East Texas,photochemical oxidant formation,0.0029890079361734,MJ,kg O3-Eq/MJ,NETL/EPA LCI characterized with IPCC AR6 + TRACI 2.1,See provenance metadata in data/public_factors/,
natural_gas,Fort Worth,climate change,0.01603303796063,MJ,kg CO2-Eq/MJ,NETL/EPA LCI characterized with IPCC AR6 + TRACI 2.1,See provenance metadata in data/public_factors/,
natural_gas,Fort Worth,acidification,9.299802693170108e-05,MJ,kg SO2-Eq/MJ,NETL/EPA LCI characterized with IPCC AR6 + TRACI 2.1,See provenance metadata in data/public_factors/,
natural_gas,Fort Worth,eutrophication,5.778304365706187e-06,MJ,kg N-Eq/MJ,NETL/EPA LCI characterized with IPCC AR6 + TRACI 2.1,See provenance metadata in data/public_factors/,
natural_gas,Fort Worth,ecotoxicity: freshwater,0.0068799183756461,MJ,CTUe/MJ,NETL/EPA LCI characterized with IPCC AR6 + TRACI 2.1,See provenance metadata in data/public_factors/,
natural_gas,Fort Worth,particulate matter formation,1.7184151761090836e-06,MJ,PM2.5-Eq/MJ,NETL/EPA LCI characterized with IPCC AR6 + TRACI 2.1,See provenance metadata in data/public_factors/,
natural_gas,Fort Worth,photochemical oxidant formation,0.0032765169080695,MJ,kg O3-Eq/MJ,NETL/EPA LCI characterized with IPCC AR6 + TRACI 2.1,See provenance metadata in data/public_factors/,
natural_gas,Green River,climate change,0.0142149429546326,MJ,kg CO2-Eq/MJ,NETL/EPA LCI characterized with IPCC AR6 + TRACI 2.1,See provenance metadata in data/public_factors/,
natural_gas,Green River,acidification,8.217135903512689e-05,MJ,kg SO2-Eq/MJ,NETL/EPA LCI characterized with IPCC AR6 + TRACI 2.1,See provenance metadata in data/public_factors/,
natural_gas,Green River,eutrophication,5.0871845764278695e-06,MJ,kg N-Eq/MJ,NETL/EPA LCI characterized with IPCC AR6 + TRACI 2.1,See provenance metadata in data/public_factors/,
natural_gas,Green River,ecotoxicity: freshwater,0.0148130148543253,MJ,CTUe/MJ,NETL/EPA LCI characterized with IPCC AR6 + TRACI 2.1,See provenance metadata in data/public_factors/,
natural_gas,Green River,particulate matter formation,1.6270789593473094e-06,MJ,PM2.5-Eq/MJ,NETL/EPA LCI characterized with IPCC AR6 + TRACI 2.1,See provenance metadata in data/public_factors/,
natural_gas,Green River,photochemical oxidant formation,0.0028474284585754,MJ,kg O3-Eq/MJ,NETL/EPA LCI characterized with IPCC AR6 + TRACI 2.1,See provenance metadata in data/public_factors/,
natural_gas,Gulf,climate change,0.0254208206102872,MJ,kg CO2-Eq/MJ,NETL/EPA LCI characterized with IPCC AR6 + TRACI 2.1,See provenance metadata in data/public_factors/,
natural_gas,Gulf,acidification,0.0002112505184762,MJ,kg SO2-Eq/MJ,NETL/EPA LCI characterized with IPCC AR6 + TRACI 2.1,See provenance metadata in data/public_factors/,
natural_gas,Gulf,eutrophication,1.3215825512550022e-05,MJ,kg N-Eq/MJ,NETL/EPA LCI characterized with IPCC AR6 + TRACI 2.1,See provenance metadata in data/public_factors/,
natural_gas,Gulf,ecotoxicity: freshwater,0.0564835066760845,MJ,CTUe/MJ,NETL/EPA LCI characterized with IPCC AR6 + TRACI 2.1,See provenance metadata in data/public_factors/,
natural_gas,Gulf,particulate matter formation,4.013074253059986e-06,MJ,PM2.5-Eq/MJ,NETL/EPA LCI characterized with IPCC AR6 + TRACI 2.1,See provenance metadata in data/public_factors/,
natural_gas,Gulf,photochemical oxidant formation,0.0073341191889636,MJ,kg O3-Eq/MJ,NETL/EPA LCI characterized with IPCC AR6 + TRACI 2.1,See provenance metadata in data/public_factors/,
natural_gas,Permian,climate change,0.0142134331337238,MJ,kg CO2-Eq/MJ,NETL/EPA LCI characterized with IPCC AR6 + TRACI 2.1,See provenance metadata in data/public_factors/,
natural_gas,Permian,acidification,8.870923371085763e-05,MJ,kg SO2-Eq/MJ,NETL/EPA LCI characterized with IPCC AR6 + TRACI 2.1,See provenance metadata in data/public_factors/,
natural_gas,Permian,eutrophication,5.454795713642192e-06,MJ,kg N-Eq/MJ,NETL/EPA LCI characterized with IPCC AR6 + TRACI 2.1,See provenance metadata in data/public_factors/,
natural_gas,Permian,ecotoxicity: freshwater,0.0720377380448131,MJ,CTUe/MJ,NETL/EPA LCI characterized with IPCC AR6 + TRACI 2.1,See provenance metadata in data/public_factors/,
natural_gas,Permian,particulate matter formation,2.268885064155575e-06,MJ,PM2.5-Eq/MJ,NETL/EPA LCI characterized with IPCC AR6 + TRACI 2.1,See provenance metadata in data/public_factors/,
natural_gas,Permian,photochemical oxidant formation,0.0029230348782632,MJ,kg O3-Eq/MJ,NETL/EPA LCI characterized with IPCC AR6 + TRACI 2.1,See provenance metadata in data/public_factors/,
natural_gas,Piceance,climate change,0.0180334300738449,MJ,kg CO2-Eq/MJ,NETL/EPA LCI characterized with IPCC AR6 + TRACI 2.1,See provenance metadata in data/public_factors/,
natural_gas,Piceance,acidification,8.566253973352126e-05,MJ,kg SO2-Eq/MJ,NETL/EPA LCI characterized with IPCC AR6 + TRACI 2.1,See provenance metadata in data/public_factors/,
natural_gas,Piceance,eutrophication,5.297424951898556e-06,MJ,kg N-Eq/MJ,NETL/EPA LCI characterized with IPCC AR6 + TRACI 2.1,See provenance metadata in data/public_factors/,
natural_gas,Piceance,ecotoxicity: freshwater,0.0254340881952056,MJ,CTUe/MJ,NETL/EPA LCI characterized with IPCC AR6 + TRACI 2.1,See provenance metadata in data/public_factors/,
natural_gas,Piceance,particulate matter formation,1.7813805055958524e-06,MJ,PM2.5-Eq/MJ,NETL/EPA LCI characterized with IPCC AR6 + TRACI 2.1,See provenance metadata in data/public_factors/,
natural_gas,Piceance,photochemical oxidant formation,0.0029668314657354,MJ,kg O3-Eq/MJ,NETL/EPA LCI characterized with IPCC AR6 + TRACI 2.1,See provenance metadata in data/public_factors/,
natural_gas,San Juan,climate change,0.0233162088692861,MJ,kg CO2-Eq/MJ,NETL/EPA LCI characterized with IPCC AR6 + TRACI 2.1,See provenance metadata in data/public_factors/,
natural_gas,San Juan,acidification,0.0001083281372039,MJ,kg SO2-Eq/MJ,NETL/EPA LCI characterized with IPCC AR6 + TRACI 2.1,See provenance metadata in data/public_factors/,
natural_gas,San Juan,eutrophication,6.746542758477042e-06,MJ,kg N-Eq/MJ,NETL/EPA LCI characterized with IPCC AR6 + TRACI 2.1,See provenance metadata in data/public_factors/,
natural_gas,San Juan,ecotoxicity: freshwater,0.0078260434819261,MJ,CTUe/MJ,NETL/EPA LCI characterized with IPCC AR6 + TRACI 2.1,See provenance metadata in data/public_factors/,
natural_gas,San Juan,particulate matter formation,1.963589718149228e-06,MJ,PM2.5-Eq/MJ,NETL/EPA LCI characterized with IPCC AR6 + TRACI 2.1,See provenance metadata in data/public_factors/,
natural_gas,San Juan,photochemical oxidant formation,0.0038369431026489,MJ,kg O3-Eq/MJ,NETL/EPA LCI characterized with IPCC AR6 + TRACI 2.1,See provenance metadata in data/public_factors/,
natural_gas,South Oklahoma,climate change,0.0209108995952574,MJ,kg CO2-Eq/MJ,NETL/EPA LCI characterized with IPCC AR6 + TRACI 2.1,See provenance metadata in data/public_factors/,
natural_gas,South Oklahoma,acidification,0.0001720154882242,MJ,kg SO2-Eq/MJ,NETL/EPA LCI characterized with IPCC AR6 + TRACI 2.1,See provenance metadata in data/public_factors/,
natural_gas,South Oklahoma,eutrophication,1.0767544793281004e-05,MJ,kg N-Eq/MJ,NETL/EPA LCI characterized with IPCC AR6 + TRACI 2.1,See provenance metadata in data/public_factors/,
natural_gas,South Oklahoma,ecotoxicity: freshwater,0.0170574964443132,MJ,CTUe/MJ,NETL/EPA LCI characterized with IPCC AR6 + TRACI 2.1,See provenance metadata in data/public_factors/,
natural_gas,South Oklahoma,particulate matter formation,3.0314747483617093e-06,MJ,PM2.5-Eq/MJ,NETL/EPA LCI characterized with IPCC AR6 + TRACI 2.1,See provenance metadata in data/public_factors/,
natural_gas,South Oklahoma,photochemical oxidant formation,0.0060436216076321,MJ,kg O3-Eq/MJ,NETL/EPA LCI characterized with IPCC AR6 + TRACI 2.1,See provenance metadata in data/public_factors/,
natural_gas,Strawn,climate change,0.0142397057283749,MJ,kg CO2-Eq/MJ,NETL/EPA LCI characterized with IPCC AR6 + TRACI 2.1,See provenance metadata in data/public_factors/,
natural_gas,Strawn,acidification,8.61087111785762e-05,MJ,kg SO2-Eq/MJ,NETL/EPA LCI characterized with IPCC AR6 + TRACI 2.1,See provenance metadata in data/public_factors/,
natural_gas,Strawn,eutrophication,5.343382122388189e-06,MJ,kg N-Eq/MJ,NETL/EPA LCI characterized with IPCC AR6 + TRACI 2.1,See provenance metadata in data/public_factors/,
natural_gas,Strawn,ecotoxicity: freshwater,0.0062612400028095,MJ,CTUe/MJ,NETL/EPA LCI characterized with IPCC AR6 + TRACI 2.1,See provenance metadata in data/public_factors/,
natural_gas,Strawn,particulate matter formation,1.6052145820585629e-06,MJ,PM2.5-Eq/MJ,NETL/EPA LCI characterized with IPCC AR6 + TRACI 2.1,See provenance metadata in data/public_factors/,
natural_gas,Strawn,photochemical oxidant formation,0.0030125929703218,MJ,kg O3-Eq/MJ,NETL/EPA LCI characterized with IPCC AR6 + TRACI 2.1,See provenance metadata in data/public_factors/,
natural_gas,Uinta,climate change,0.0166959055565132,MJ,kg CO2-Eq/MJ,NETL/EPA LCI characterized with IPCC AR6 + TRACI 2.1,See provenance metadata in data/public_factors/,
natural_gas,Uinta,acidification,8.44095793251434e-05,MJ,kg SO2-Eq/MJ,NETL/EPA LCI characterized with IPCC AR6 + TRACI 2.1,See provenance metadata in data/public_factors/,
natural_gas,Uinta,eutrophication,5.2238944659246896e-06,MJ,kg N-Eq/MJ,NETL/EPA LCI characterized with IPCC AR6 + TRACI 2.1,See provenance metadata in data/public_factors/,
natural_gas,Uinta,ecotoxicity: freshwater,0.0196046333052245,MJ,CTUe/MJ,NETL/EPA LCI characterized with IPCC AR6 + TRACI 2.1,See provenance metadata in data/public_factors/,
natural_gas,Uinta,particulate matter formation,1.7069265492684057e-06,MJ,PM2.5-Eq/MJ,NETL/EPA LCI characterized with IPCC AR6 + TRACI 2.1,See provenance metadata in data/public_factors/,
natural_gas,Uinta,photochemical oxidant formation,0.0029207116949167,MJ,kg O3-Eq/MJ,NETL/EPA LCI characterized with IPCC AR6 + TRACI 2.1,See provenance metadata in data/public_factors/,
